<ImportExportXml version="9.2.21082.150" SolutionPackageVersion="9.2" languagecode="1033" generatedBy="CrmLive" xmlns:xsi="http://www.w3.org/2001/XMLSchema-instance">
  <SolutionManifest>
    <UniqueName>ExportComponentsf6a112d22aa745aa83911495fa58ad1a</UniqueName>
    <LocalizedNames>
      <LocalizedName description="ExportComponentsf6a112d22aa745aa83911495fa58ad1a" languagecode="1033" />
    </LocalizedNames>
    <Descriptions />
    <Version>1.0</Version>
    <Managed>0</Managed>
    <Publisher>
      <UniqueName>Cr6bc86</UniqueName>
      <LocalizedNames>
        <LocalizedName description="CDS Default Publisher" languagecode="1033" />
      </LocalizedNames>
      <Descriptions />
      <EMailAddress xsi:nil="true"></EMailAddress>
      <SupportingWebsiteUrl xsi:nil="true"></SupportingWebsiteUrl>
      <CustomizationPrefix>crc14</CustomizationPrefix>
      <CustomizationOptionValuePrefix>84088</CustomizationOptionValuePrefix>
    </Publisher>
    <RootComponents>
      <RootComponent type="300" schemaName="cr8f3_vaccineapp_87a87" behavior="0" />
    </RootComponents>
    <MissingDependencies />
  </SolutionManifest>
</ImportExportXml>