<ImportExportXml version="9.2.21083.142" SolutionPackageVersion="9.2" languagecode="1033" generatedBy="CrmLive" xmlns:xsi="http://www.w3.org/2001/XMLSchema-instance">
  <SolutionManifest>
    <UniqueName>ExportComponents62d8134954294bfe936332ba66869a06</UniqueName>
    <LocalizedNames>
      <LocalizedName description="ExportComponents62d8134954294bfe936332ba66869a06" languagecode="1033" />
    </LocalizedNames>
    <Descriptions />
    <Version>1.0</Version>
    <Managed>0</Managed>
    <Publisher>
      <UniqueName>Cr6bc86</UniqueName>
      <LocalizedNames>
        <LocalizedName description="CDS Default Publisher" languagecode="1033" />
      </LocalizedNames>
      <Descriptions />
      <EMailAddress xsi:nil="true"></EMailAddress>
      <SupportingWebsiteUrl xsi:nil="true"></SupportingWebsiteUrl>
      <CustomizationPrefix>crc14</CustomizationPrefix>
      <CustomizationOptionValuePrefix>84088</CustomizationOptionValuePrefix>
    </Publisher>
    <RootComponents>
      <RootComponent type="29" id="{37493a9c-611d-ec11-b6e6-001dd8022112}" behavior="0" />
      <RootComponent type="29" id="{ca971cec-4b1a-ec11-b6e6-001dd8022108}" behavior="0" />
    </RootComponents>
    <MissingDependencies />
  </SolutionManifest>
</ImportExportXml>