<ImportExportXml version="9.2.21112.142" SolutionPackageVersion="9.2" languagecode="1033" generatedBy="CrmLive" xmlns:xsi="http://www.w3.org/2001/XMLSchema-instance">
  <SolutionManifest>
    <UniqueName>ExportComponentsf1faddb731b447628409f62730ec1cf0</UniqueName>
    <LocalizedNames>
      <LocalizedName description="ExportComponentsf1faddb731b447628409f62730ec1cf0" languagecode="1033" />
    </LocalizedNames>
    <Descriptions />
    <Version>1.0</Version>
    <Managed>0</Managed>
    <Publisher>
      <UniqueName>Cr98dc0</UniqueName>
      <LocalizedNames>
        <LocalizedName description="CDS Default Publisher" languagecode="1033" />
      </LocalizedNames>
      <Descriptions />
      <EMailAddress xsi:nil="true"></EMailAddress>
      <SupportingWebsiteUrl xsi:nil="true"></SupportingWebsiteUrl>
      <CustomizationPrefix>cr8f3</CustomizationPrefix>
      <CustomizationOptionValuePrefix>94853</CustomizationOptionValuePrefix>
    </Publisher>
    <RootComponents>
      <RootComponent type="1" schemaName="cr8f3_attestation" behavior="0" />
      <RootComponent type="1" schemaName="cr8f3_solutionsettings" behavior="0" />
      <RootComponent type="300" schemaName="cr8f3_reviewvaxapp_d5358" behavior="0" />
    </RootComponents>
    <MissingDependencies />
  </SolutionManifest>
</ImportExportXml>